<?xml version="1.0" encoding="UTF-8" standalone="yes"?>
<addon id="plugin.video.glarab"
       name="GLArab"
       version="0.0.2"
       provider-name="babak">
  <requires>
    <import addon="xbmc.python" version="1.0"/>
	<import addon="script.module.beautifulsoup" version="3.0.8"/>
  </requires>
  <extension point="xbmc.python.pluginsource"
            library="default.py">
        <provides>video</provides>
  </extension>
  <extension point="xbmc.addon.metadata">
    <summary>GLArab</summary>
    <description>GLArab Addon for XBMC - requires the GLArab plugin (proxy) on the local network.</description>
    <platform>all</platform>
    <language>ar</language>
  </extension>
</addon>
